IssueType,Id,Name,Summary,EpicName,EpicLink,Sprint,Team,Application,Flow,StoryPoints,TotalStories,TotalStoryPoints
Epic,MULE2CAM-EPIC-netsuite-data-retrieval_1.4.0-SNAPSHOT,netsuite-data-retrieval_1.4.0-SNAPSHOT,Epic: netsuite-data-retrieval_1.4.0-SNAPSHOT Migration,netsuite-data-retrieval_1.4.0-SNAPSHOT,null,null,Expert Team,netsuite-data-retrieval_1.4.0-SNAPSHOT,null,null,4,47
Epic,MULE2CAM-EPIC-upload-to-ftp-after-converting-json-to-xml_1.4.0-SNAPSHOT,upload-to-ftp-after-converting-json-to-xml_1.4.0-SNAPSHOT,Epic: upload-to-ftp-after-converting-json-to-xml_1.4.0-SNAPSHOT Migration,upload-to-ftp-after-converting-json-to-xml_1.4.0-SNAPSHOT,null,null,Expert Team,upload-to-ftp-after-converting-json-to-xml_1.4.0-SNAPSHOT,null,null,1,8
Epic,MULE2CAM-EPIC-sending-a-csv-file-through-email-using-smtp_1.4.0-SNAPSHOT,sending-a-csv-file-through-email-using-smtp_1.4.0-SNAPSHOT,Epic: sending-a-csv-file-through-email-using-smtp_1.4.0-SNAPSHOT Migration,sending-a-csv-file-through-email-using-smtp_1.4.0-SNAPSHOT,null,null,Expert Team,sending-a-csv-file-through-email-using-smtp_1.4.0-SNAPSHOT,null,null,1,8
Epic,MULE2CAM-EPIC-importing-an-email-attachment-using-the-POP3-connector_1.4.0-SNAPSHOT,importing-an-email-attachment-using-the-POP3-connector_1.4.0-SNAPSHOT,Epic: importing-an-email-attachment-using-the-POP3-connector_1.4.0-SNAPSHOT Migration,importing-an-email-attachment-using-the-POP3-connector_1.4.0-SNAPSHOT,null,null,Expert Team,importing-an-email-attachment-using-the-POP3-connector_1.4.0-SNAPSHOT,null,null,1,8
Epic,MULE2CAM-EPIC-web-service-consumer_1.4.0-SNAPSHOT,web-service-consumer_1.4.0-SNAPSHOT,Epic: web-service-consumer_1.4.0-SNAPSHOT Migration,web-service-consumer_1.4.0-SNAPSHOT,null,null,Expert Team,web-service-consumer_1.4.0-SNAPSHOT,null,null,2,18
Epic,MULE2CAM-EPIC-jms-message-rollback-and-redelivery_1.4.0-SNAPSHOT,jms-message-rollback-and-redelivery_1.4.0-SNAPSHOT,Epic: jms-message-rollback-and-redelivery_1.4.0-SNAPSHOT Migration,jms-message-rollback-and-redelivery_1.4.0-SNAPSHOT,null,null,Expert Team,jms-message-rollback-and-redelivery_1.4.0-SNAPSHOT,null,null,1,8
Epic,MULE2CAM-EPIC-salesforce-data-synchronization-using-watermarking-and-batch-processing_1.4.0-SNAPSHOT,salesforce-data-synchronization-using-watermarking-and-batch-processing_1.4.0-SNAPSHOT,Epic: salesforce-data-synchronization-using-watermarking-and-batch-processing_1.4.0-SNAPSHOT Migration,salesforce-data-synchronization-using-watermarking-and-batch-processing_1.4.0-SNAPSHOT,null,null,Expert Team,salesforce-data-synchronization-using-watermarking-and-batch-processing_1.4.0-SNAPSHOT,null,null,1,3
Epic,MULE2CAM-EPIC-adding-a-new-customer-to-workday-revenue-management_1.4.0-SNAPSHOT,adding-a-new-customer-to-workday-revenue-management_1.4.0-SNAPSHOT,Epic: adding-a-new-customer-to-workday-revenue-management_1.4.0-SNAPSHOT Migration,adding-a-new-customer-to-workday-revenue-management_1.4.0-SNAPSHOT,null,null,Expert Team,adding-a-new-customer-to-workday-revenue-management_1.4.0-SNAPSHOT,null,null,1,8
Epic,MULE2CAM-EPIC-import-contacts-into-salesforce_1.4.0-SNAPSHOT,import-contacts-into-salesforce_1.4.0-SNAPSHOT,Epic: import-contacts-into-salesforce_1.4.0-SNAPSHOT Migration,import-contacts-into-salesforce_1.4.0-SNAPSHOT,null,null,Expert Team,import-contacts-into-salesforce_1.4.0-SNAPSHOT,null,null,1,8
Epic,MULE2CAM-EPIC-service-orchestration-and-choice-routing_1.4.0-SNAPSHOT,service-orchestration-and-choice-routing_1.4.0-SNAPSHOT,Epic: service-orchestration-and-choice-routing_1.4.0-SNAPSHOT Migration,service-orchestration-and-choice-routing_1.4.0-SNAPSHOT,null,null,Expert Team,service-orchestration-and-choice-routing_1.4.0-SNAPSHOT,null,null,10,87
Epic,MULE2CAM-EPIC-track-a-custom-business-event_1.4.0-SNAPSHOT,track-a-custom-business-event_1.4.0-SNAPSHOT,Epic: track-a-custom-business-event_1.4.0-SNAPSHOT Migration,track-a-custom-business-event_1.4.0-SNAPSHOT,null,null,Expert Team,track-a-custom-business-event_1.4.0-SNAPSHOT,null,null,1,3
Epic,MULE2CAM-EPIC-foreach-processing-and-choice-routing_1.4.0-SNAPSHOT,foreach-processing-and-choice-routing_1.4.0-SNAPSHOT,Epic: foreach-processing-and-choice-routing_1.4.0-SNAPSHOT Migration,foreach-processing-and-choice-routing_1.4.0-SNAPSHOT,null,null,Expert Team,foreach-processing-and-choice-routing_1.4.0-SNAPSHOT,null,null,7,23
Epic,MULE2CAM-EPIC-rest-api-with-apikit_1.4.0-SNAPSHOT,rest-api-with-apikit_1.4.0-SNAPSHOT,Epic: rest-api-with-apikit_1.4.0-SNAPSHOT Migration,rest-api-with-apikit_1.4.0-SNAPSHOT,null,null,Expert Team,rest-api-with-apikit_1.4.0-SNAPSHOT,null,null,10,95
Epic,MULE2CAM-EPIC-testing-apikit-with-munit_1.4.0-SNAPSHOT,testing-apikit-with-munit_1.4.0-SNAPSHOT,Epic: testing-apikit-with-munit_1.4.0-SNAPSHOT Migration,testing-apikit-with-munit_1.4.0-SNAPSHOT,null,null,Expert Team,testing-apikit-with-munit_1.4.0-SNAPSHOT,null,null,5,40
Epic,MULE2CAM-EPIC-sap-data-retrieval_1.4.0-SNAPSHOT,sap-data-retrieval_1.4.0-SNAPSHOT,Epic: sap-data-retrieval_1.4.0-SNAPSHOT Migration,sap-data-retrieval_1.4.0-SNAPSHOT,null,null,Expert Team,sap-data-retrieval_1.4.0-SNAPSHOT,null,null,4,47
Epic,MULE2CAM-EPIC-get-customer-list-from-netsuite_1.4.0-SNAPSHOT,get-customer-list-from-netsuite_1.4.0-SNAPSHOT,Epic: get-customer-list-from-netsuite_1.4.0-SNAPSHOT Migration,get-customer-list-from-netsuite_1.4.0-SNAPSHOT,null,null,Senior Team,get-customer-list-from-netsuite_1.4.0-SNAPSHOT,null,null,1,5
Epic,MULE2CAM-EPIC-filtering-a-message_1.4.0-SNAPSHOT,filtering-a-message_1.4.0-SNAPSHOT,Epic: filtering-a-message_1.4.0-SNAPSHOT Migration,filtering-a-message_1.4.0-SNAPSHOT,null,null,Senior Team,filtering-a-message_1.4.0-SNAPSHOT,null,null,1,8
Epic,MULE2CAM-EPIC-scatter-gather-flow-control_1.4.0-SNAPSHOT,scatter-gather-flow-control_1.4.0-SNAPSHOT,Epic: scatter-gather-flow-control_1.4.0-SNAPSHOT Migration,scatter-gather-flow-control_1.4.0-SNAPSHOT,null,null,Senior Team,scatter-gather-flow-control_1.4.0-SNAPSHOT,null,null,2,11
Epic,MULE2CAM-EPIC-websphere-mq_1.4.0-SNAPSHOT,websphere-mq_1.4.0-SNAPSHOT,Epic: websphere-mq_1.4.0-SNAPSHOT Migration,websphere-mq_1.4.0-SNAPSHOT,null,null,Senior Team,websphere-mq_1.4.0-SNAPSHOT,null,null,3,16
Epic,MULE2CAM-EPIC-processing-orders-with-dataweave-and-APIkit_1.4.0-SNAPSHOT-2,processing-orders-with-dataweave-and-APIkit_1.4.0-SNAPSHOT-2,Epic: processing-orders-with-dataweave-and-APIkit_1.4.0-SNAPSHOT-2 Migration,processing-orders-with-dataweave-and-APIkit_1.4.0-SNAPSHOT-2,null,null,Standard Team,processing-orders-with-dataweave-and-APIkit_1.4.0-SNAPSHOT-2,null,null,3,11
Epic,MULE2CAM-EPIC-querying-a-db-and-attaching-results-to-an-email_1.4.0-SNAPSHOT,querying-a-db-and-attaching-results-to-an-email_1.4.0-SNAPSHOT,Epic: querying-a-db-and-attaching-results-to-an-email_1.4.0-SNAPSHOT Migration,querying-a-db-and-attaching-results-to-an-email_1.4.0-SNAPSHOT,null,null,Standard Team,querying-a-db-and-attaching-results-to-an-email_1.4.0-SNAPSHOT,null,null,1,3
Epic,MULE2CAM-EPIC-dataweave-with-flowreflookup_1.4.0-SNAPSHOT,dataweave-with-flowreflookup_1.4.0-SNAPSHOT,Epic: dataweave-with-flowreflookup_1.4.0-SNAPSHOT Migration,dataweave-with-flowreflookup_1.4.0-SNAPSHOT,null,null,Standard Team,dataweave-with-flowreflookup_1.4.0-SNAPSHOT,null,null,2,7
Epic,MULE2CAM-EPIC-sending-json-data-to-a-amqp-queue_1.4.0-SNAPSHOT,sending-json-data-to-a-amqp-queue_1.4.0-SNAPSHOT,Epic: sending-json-data-to-a-amqp-queue_1.4.0-SNAPSHOT Migration,sending-json-data-to-a-amqp-queue_1.4.0-SNAPSHOT,null,null,Standard Team,sending-json-data-to-a-amqp-queue_1.4.0-SNAPSHOT,null,null,1,3
Epic,MULE2CAM-EPIC-importing-a-CSV-file-into-Mongo-DB_1.4.0-SNAPSHOT,importing-a-CSV-file-into-Mongo-DB_1.4.0-SNAPSHOT,Epic: importing-a-CSV-file-into-Mongo-DB_1.4.0-SNAPSHOT Migration,importing-a-CSV-file-into-Mongo-DB_1.4.0-SNAPSHOT,null,null,Standard Team,importing-a-CSV-file-into-Mongo-DB_1.4.0-SNAPSHOT,null,null,1,5
Epic,MULE2CAM-EPIC-hello-world_1.4.0-SNAPSHOT,hello-world_1.4.0-SNAPSHOT,Epic: hello-world_1.4.0-SNAPSHOT Migration,hello-world_1.4.0-SNAPSHOT,null,null,Standard Team,hello-world_1.4.0-SNAPSHOT,null,null,1,2
Epic,MULE2CAM-EPIC-legacy-modernization_1.4.0-SNAPSHOT,legacy-modernization_1.4.0-SNAPSHOT,Epic: legacy-modernization_1.4.0-SNAPSHOT Migration,legacy-modernization_1.4.0-SNAPSHOT,null,null,Standard Team,legacy-modernization_1.4.0-SNAPSHOT,null,null,1,3
Epic,MULE2CAM-EPIC-extracting-data-from-LDAP-directory_1.4.0-SNAPSHOT,extracting-data-from-LDAP-directory_1.4.0-SNAPSHOT,Epic: extracting-data-from-LDAP-directory_1.4.0-SNAPSHOT Migration,extracting-data-from-LDAP-directory_1.4.0-SNAPSHOT,null,null,Standard Team,extracting-data-from-LDAP-directory_1.4.0-SNAPSHOT,null,null,1,3
Epic,MULE2CAM-EPIC-login-form-using-the-http-connector_1.4.0-SNAPSHOT,login-form-using-the-http-connector_1.4.0-SNAPSHOT,Epic: login-form-using-the-http-connector_1.4.0-SNAPSHOT Migration,login-form-using-the-http-connector_1.4.0-SNAPSHOT,null,null,Standard Team,login-form-using-the-http-connector_1.4.0-SNAPSHOT,null,null,3,7
Epic,MULE2CAM-EPIC-authenticating-salesforce-using-oauth2_1.4.0-SNAPSHOT,authenticating-salesforce-using-oauth2_1.4.0-SNAPSHOT,Epic: authenticating-salesforce-using-oauth2_1.4.0-SNAPSHOT Migration,authenticating-salesforce-using-oauth2_1.4.0-SNAPSHOT,null,null,Standard Team,authenticating-salesforce-using-oauth2_1.4.0-SNAPSHOT,null,null,1,3
Epic,MULE2CAM-EPIC-addition-using-javascript-transformer_1.4.0-SNAPSHOT,addition-using-javascript-transformer_1.4.0-SNAPSHOT,Epic: addition-using-javascript-transformer_1.4.0-SNAPSHOT Migration,addition-using-javascript-transformer_1.4.0-SNAPSHOT,null,null,Standard Team,addition-using-javascript-transformer_1.4.0-SNAPSHOT,null,null,1,3
Epic,MULE2CAM-EPIC-oauth2-client-credentials-using-the-HTTP-connector,oauth2-client-credentials-using-the-HTTP-connector,Epic: oauth2-client-credentials-using-the-HTTP-connector Migration,oauth2-client-credentials-using-the-HTTP-connector,null,null,Standard Team,oauth2-client-credentials-using-the-HTTP-connector,null,null,2,5
Epic,MULE2CAM-EPIC-salesforce-to-MySQL-DB-using-Batch-Processing_1.4.0-SNAPSHOT,salesforce-to-MySQL-DB-using-Batch-Processing_1.4.0-SNAPSHOT,Epic: salesforce-to-MySQL-DB-using-Batch-Processing_1.4.0-SNAPSHOT Migration,salesforce-to-MySQL-DB-using-Batch-Processing_1.4.0-SNAPSHOT,null,null,Standard Team,salesforce-to-MySQL-DB-using-Batch-Processing_1.4.0-SNAPSHOT,null,null,1,5
Epic,MULE2CAM-EPIC-cache-scope-with-fibonacci_1.4.0-SNAPSHOT,cache-scope-with-fibonacci_1.4.0-SNAPSHOT,Epic: cache-scope-with-fibonacci_1.4.0-SNAPSHOT Migration,cache-scope-with-fibonacci_1.4.0-SNAPSHOT,null,null,Standard Team,cache-scope-with-fibonacci_1.4.0-SNAPSHOT,null,null,2,8
Epic,MULE2CAM-EPIC-munit-short-tutorial_1.4.0-SNAPSHOT,munit-short-tutorial_1.4.0-SNAPSHOT,Epic: munit-short-tutorial_1.4.0-SNAPSHOT Migration,munit-short-tutorial_1.4.0-SNAPSHOT,null,null,Standard Team,munit-short-tutorial_1.4.0-SNAPSHOT,null,null,2,6
Epic,MULE2CAM-EPIC-using-transactional-scope-in-jms-to-database_1.4.0-SNAPSHOT,using-transactional-scope-in-jms-to-database_1.4.0-SNAPSHOT,Epic: using-transactional-scope-in-jms-to-database_1.4.0-SNAPSHOT Migration,using-transactional-scope-in-jms-to-database_1.4.0-SNAPSHOT,null,null,Standard Team,using-transactional-scope-in-jms-to-database_1.4.0-SNAPSHOT,null,null,1,5
Epic,MULE2CAM-EPIC-http-login-html-form,http-login-html-form,Epic: http-login-html-form Migration,http-login-html-form,null,null,Standard Team,http-login-html-form,null,null,2,5
Epic,MULE2CAM-EPIC-mule-expression-language-basics_1.4.0-SNAPSHOT,mule-expression-language-basics_1.4.0-SNAPSHOT,Epic: mule-expression-language-basics_1.4.0-SNAPSHOT Migration,mule-expression-language-basics_1.4.0-SNAPSHOT,null,null,Standard Team,mule-expression-language-basics_1.4.0-SNAPSHOT,null,null,6,19
Epic,MULE2CAM-EPIC-oauth2-authorization-code-using-the-HTTP-connector_1.4.0-SNAPSHOT,oauth2-authorization-code-using-the-HTTP-connector_1.4.0-SNAPSHOT,Epic: oauth2-authorization-code-using-the-HTTP-connector_1.4.0-SNAPSHOT Migration,oauth2-authorization-code-using-the-HTTP-connector_1.4.0-SNAPSHOT,null,null,Standard Team,oauth2-authorization-code-using-the-HTTP-connector_1.4.0-SNAPSHOT,null,null,2,6
Epic,MULE2CAM-EPIC-importing-an-email-attachment-using-the-IMAP-connector_1.4.0-SNAPSHOT,importing-an-email-attachment-using-the-IMAP-connector_1.4.0-SNAPSHOT,Epic: importing-an-email-attachment-using-the-IMAP-connector_1.4.0-SNAPSHOT Migration,importing-an-email-attachment-using-the-IMAP-connector_1.4.0-SNAPSHOT,null,null,Standard Team,importing-an-email-attachment-using-the-IMAP-connector_1.4.0-SNAPSHOT,null,null,1,5
Epic,MULE2CAM-EPIC-salesforce-data-retrieval_1.4.0-SNAPSHOT,salesforce-data-retrieval_1.4.0-SNAPSHOT,Epic: salesforce-data-retrieval_1.4.0-SNAPSHOT Migration,salesforce-data-retrieval_1.4.0-SNAPSHOT,null,null,Standard Team,salesforce-data-retrieval_1.4.0-SNAPSHOT,null,null,2,8
Epic,MULE2CAM-EPIC-proxying-a-rest-api_1.4.0-SNAPSHOT,proxying-a-rest-api_1.4.0-SNAPSHOT,Epic: proxying-a-rest-api_1.4.0-SNAPSHOT Migration,proxying-a-rest-api_1.4.0-SNAPSHOT,null,null,Standard Team,proxying-a-rest-api_1.4.0-SNAPSHOT,null,null,1,2
Epic,MULE2CAM-EPIC-import-contacts-into-ms-dynamics_1.4.0-SNAPSHOT,import-contacts-into-ms-dynamics_1.4.0-SNAPSHOT,Epic: import-contacts-into-ms-dynamics_1.4.0-SNAPSHOT Migration,import-contacts-into-ms-dynamics_1.4.0-SNAPSHOT,null,null,Standard Team,import-contacts-into-ms-dynamics_1.4.0-SNAPSHOT,null,null,1,5
Epic,MULE2CAM-EPIC-document-integration-using-the-cmis-connector_1.4.0-SNAPSHOT,document-integration-using-the-cmis-connector_1.4.0-SNAPSHOT,Epic: document-integration-using-the-cmis-connector_1.4.0-SNAPSHOT Migration,document-integration-using-the-cmis-connector_1.4.0-SNAPSHOT,null,null,Standard Team,document-integration-using-the-cmis-connector_1.4.0-SNAPSHOT,null,null,1,3
Epic,MULE2CAM-EPIC-http-oauth-provider,http-oauth-provider,Epic: http-oauth-provider Migration,http-oauth-provider,null,null,Standard Team,http-oauth-provider,null,null,2,5
Epic,MULE2CAM-EPIC-implementing-a-choice-exception-strategy_1.4.0-SNAPSHOT,implementing-a-choice-exception-strategy_1.4.0-SNAPSHOT,Epic: implementing-a-choice-exception-strategy_1.4.0-SNAPSHOT Migration,implementing-a-choice-exception-strategy_1.4.0-SNAPSHOT,null,null,Standard Team,implementing-a-choice-exception-strategy_1.4.0-SNAPSHOT,null,null,1,3
Epic,MULE2CAM-EPIC-importing-a-csv-file-into-ms-sharepoint,importing-a-csv-file-into-ms-sharepoint,Epic: importing-a-csv-file-into-ms-sharepoint Migration,importing-a-csv-file-into-ms-sharepoint,null,null,Standard Team,importing-a-csv-file-into-ms-sharepoint,null,null,1,3
Epic,MULE2CAM-EPIC-proxying-a-soap-api_1.4.0-SNAPSHOT,proxying-a-soap-api_1.4.0-SNAPSHOT,Epic: proxying-a-soap-api_1.4.0-SNAPSHOT Migration,proxying-a-soap-api_1.4.0-SNAPSHOT,null,null,Standard Team,proxying-a-soap-api_1.4.0-SNAPSHOT,null,null,1,3
Epic,MULE2CAM-EPIC-http-request-response-with-logger_1.4.0-SNAPSHOT,http-request-response-with-logger_1.4.0-SNAPSHOT,Epic: http-request-response-with-logger_1.4.0-SNAPSHOT Migration,http-request-response-with-logger_1.4.0-SNAPSHOT,null,null,Standard Team,http-request-response-with-logger_1.4.0-SNAPSHOT,null,null,1,2
Epic,MULE2CAM-EPIC-querying-a-mysql-database_1.4.0-SNAPSHOT,querying-a-mysql-database_1.4.0-SNAPSHOT,Epic: querying-a-mysql-database_1.4.0-SNAPSHOT Migration,querying-a-mysql-database_1.4.0-SNAPSHOT,null,null,Standard Team,querying-a-mysql-database_1.4.0-SNAPSHOT,null,null,1,2
Epic,MULE2CAM-EPIC-sending-json-data-to-a-jms-queue_1.4.0-SNAPSHOT,sending-json-data-to-a-jms-queue_1.4.0-SNAPSHOT,Epic: sending-json-data-to-a-jms-queue_1.4.0-SNAPSHOT Migration,sending-json-data-to-a-jms-queue_1.4.0-SNAPSHOT,null,null,Standard Team,sending-json-data-to-a-jms-queue_1.4.0-SNAPSHOT,null,null,1,3
Epic,MULE2CAM-EPIC-soap-webservice-security_1.4.0-SNAPSHOT,soap-webservice-security_1.4.0-SNAPSHOT,Epic: soap-webservice-security_1.4.0-SNAPSHOT Migration,soap-webservice-security_1.4.0-SNAPSHOT,null,null,Standard Team,soap-webservice-security_1.4.0-SNAPSHOT,null,null,7,24
Epic,MULE2CAM-EPIC-mule-component-bindings,mule-component-bindings,Epic: mule-component-bindings Migration,mule-component-bindings,null,null,Standard Team,mule-component-bindings,null,null,3,7
Epic,MULE2CAM-EPIC-xml-only-soap-webservice_1.4.0-SNAPSHOT,xml-only-soap-webservice_1.4.0-SNAPSHOT,Epic: xml-only-soap-webservice_1.4.0-SNAPSHOT Migration,xml-only-soap-webservice_1.4.0-SNAPSHOT,null,null,Standard Team,xml-only-soap-webservice_1.4.0-SNAPSHOT,null,null,3,9
Epic,MULE2CAM-EPIC-processing-orders-with-dataweave-and-APIkit_1.4.0-SNAPSHOT,processing-orders-with-dataweave-and-APIkit_1.4.0-SNAPSHOT,Epic: processing-orders-with-dataweave-and-APIkit_1.4.0-SNAPSHOT Migration,processing-orders-with-dataweave-and-APIkit_1.4.0-SNAPSHOT,null,null,Standard Team,processing-orders-with-dataweave-and-APIkit_1.4.0-SNAPSHOT,null,null,3,11
Epic,MULE2CAM-EPIC-exposing-a-restful-resource-using-the-HTTP-connector_1.4.0-SNAPSHOT,exposing-a-restful-resource-using-the-HTTP-connector_1.4.0-SNAPSHOT,Epic: exposing-a-restful-resource-using-the-HTTP-connector_1.4.0-SNAPSHOT Migration,exposing-a-restful-resource-using-the-HTTP-connector_1.4.0-SNAPSHOT,null,null,Standard Team,exposing-a-restful-resource-using-the-HTTP-connector_1.4.0-SNAPSHOT,null,null,3,10
Epic,MULE2CAM-EPIC-content-based-routing_1.4.0-SNAPSHOT,content-based-routing_1.4.0-SNAPSHOT,Epic: content-based-routing_1.4.0-SNAPSHOT Migration,content-based-routing_1.4.0-SNAPSHOT,null,null,Standard Team,content-based-routing_1.4.0-SNAPSHOT,null,null,1,3
Story,MULE2CAM-1-adding-a-new-customer-to-workday-revenue-management_1.4.0-SNAPSHOT-add-customer-flow,add-customer-flow,Migrate add-customer-flow from adding-a-new-customer-to-workday-revenue-management_1.4.0-SNAPSHOT,null,MULE2CAM-EPIC-adding-a-new-customer-to-workday-revenue-management_1.4.0-SNAPSHOT,1,Expert Team,adding-a-new-customer-to-workday-revenue-management_1.4.0-SNAPSHOT,add-customer-flow,8,null,null
Story,MULE2CAM-1-rest-api-with-apikit_1.4.0-SNAPSHOT-get:/fixture/{homeTeamId}/{awayTeamId}:leagues-config,get:/fixture/{homeTeamId}/{awayTeamId}:leagues-config,Migrate get:/fixture/{homeTeamId}/{awayTeamId}:leagues-config from rest-api-with-apikit_1.4.0-SNAPSHOT,null,MULE2CAM-EPIC-rest-api-with-apikit_1.4.0-SNAPSHOT,1,Expert Team,rest-api-with-apikit_1.4.0-SNAPSHOT,get:/fixture/{homeTeamId}/{awayTeamId}:leagues-config,8,null,null
Story,MULE2CAM-1-testing-apikit-with-munit_1.4.0-SNAPSHOT-post:/munit:api-config,post:/munit:api-config,Migrate post:/munit:api-config from testing-apikit-with-munit_1.4.0-SNAPSHOT,null,MULE2CAM-EPIC-testing-apikit-with-munit_1.4.0-SNAPSHOT,1,Expert Team,testing-apikit-with-munit_1.4.0-SNAPSHOT,post:/munit:api-config,8,null,null
Story,MULE2CAM-1-service-orchestration-and-choice-routing_1.4.0-SNAPSHOT-manufacturers,manufacturers,Migrate manufacturers from service-orchestration-and-choice-routing_1.4.0-SNAPSHOT,null,MULE2CAM-EPIC-service-orchestration-and-choice-routing_1.4.0-SNAPSHOT,1,Expert Team,service-orchestration-and-choice-routing_1.4.0-SNAPSHOT,manufacturers,3,null,null
Story,MULE2CAM-1-netsuite-data-retrieval_1.4.0-SNAPSHOT-get:/customers:netsuite-api-config,get:/customers:netsuite-api-config,Migrate get:/customers:netsuite-api-config from netsuite-data-retrieval_1.4.0-SNAPSHOT,null,MULE2CAM-EPIC-netsuite-data-retrieval_1.4.0-SNAPSHOT,1,Senior Team,netsuite-data-retrieval_1.4.0-SNAPSHOT,get:/customers:netsuite-api-config,13,null,null
Story,MULE2CAM-1-web-service-consumer_1.4.0-SNAPSHOT-orderTshirt,orderTshirt,Migrate orderTshirt from web-service-consumer_1.4.0-SNAPSHOT,null,MULE2CAM-EPIC-web-service-consumer_1.4.0-SNAPSHOT,1,Senior Team,web-service-consumer_1.4.0-SNAPSHOT,orderTshirt,13,null,null
Story,MULE2CAM-1-processing-orders-with-dataweave-and-APIkit_1.4.0-SNAPSHOT-OrderFlow,OrderFlow,Migrate OrderFlow from processing-orders-with-dataweave-and-APIkit_1.4.0-SNAPSHOT,null,MULE2CAM-EPIC-processing-orders-with-dataweave-and-APIkit_1.4.0-SNAPSHOT,1,Standard Team,processing-orders-with-dataweave-and-APIkit_1.4.0-SNAPSHOT,OrderFlow,8,null,null
Story,MULE2CAM-1-soap-webservice-security_1.4.0-SNAPSHOT-SignedSamlTokenServiceFlow,SignedSamlTokenServiceFlow,Migrate SignedSamlTokenServiceFlow from soap-webservice-security_1.4.0-SNAPSHOT,null,MULE2CAM-EPIC-soap-webservice-security_1.4.0-SNAPSHOT,1,Standard Team,soap-webservice-security_1.4.0-SNAPSHOT,SignedSamlTokenServiceFlow,5,null,null
Story,MULE2CAM-1-importing-a-csv-file-into-ms-sharepoint-importing-a-csv-file-into-ms-sharepointFlow,importing-a-csv-file-into-ms-sharepointFlow,Migrate importing-a-csv-file-into-ms-sharepointFlow from importing-a-csv-file-into-ms-sharepoint,null,MULE2CAM-EPIC-importing-a-csv-file-into-ms-sharepoint,1,Standard Team,importing-a-csv-file-into-ms-sharepoint,importing-a-csv-file-into-ms-sharepointFlow,3,null,null
Story,MULE2CAM-1-oauth2-client-credentials-using-the-HTTP-connector-httpclientcredentialsFlow,httpclientcredentialsFlow,Migrate httpclientcredentialsFlow from oauth2-client-credentials-using-the-HTTP-connector,null,MULE2CAM-EPIC-oauth2-client-credentials-using-the-HTTP-connector,1,Standard Team,oauth2-client-credentials-using-the-HTTP-connector,httpclientcredentialsFlow,3,null,null
Story,MULE2CAM-1-xml-only-soap-webservice_1.4.0-SNAPSHOT-admitPatientService,admitPatientService,Migrate admitPatientService from xml-only-soap-webservice_1.4.0-SNAPSHOT,null,MULE2CAM-EPIC-xml-only-soap-webservice_1.4.0-SNAPSHOT,1,Standard Team,xml-only-soap-webservice_1.4.0-SNAPSHOT,admitPatientService,3,null,null
Story,MULE2CAM-1-oauth2-client-credentials-using-the-HTTP-connector-http-client-credentialsFlow,http-client-credentialsFlow,Migrate http-client-credentialsFlow from oauth2-client-credentials-using-the-HTTP-connector,null,MULE2CAM-EPIC-oauth2-client-credentials-using-the-HTTP-connector,1,Standard Team,oauth2-client-credentials-using-the-HTTP-connector,http-client-credentialsFlow,2,null,null
Story,MULE2CAM-2-netsuite-data-retrieval_1.4.0-SNAPSHOT-get:/items:netsuite-api-config,get:/items:netsuite-api-config,Migrate get:/items:netsuite-api-config from netsuite-data-retrieval_1.4.0-SNAPSHOT,null,MULE2CAM-EPIC-netsuite-data-retrieval_1.4.0-SNAPSHOT,2,Expert Team,netsuite-data-retrieval_1.4.0-SNAPSHOT,get:/items:netsuite-api-config,13,null,null
Story,MULE2CAM-2-sap-data-retrieval_1.4.0-SNAPSHOT-sap-api-main,sap-api-main,Migrate sap-api-main from sap-data-retrieval_1.4.0-SNAPSHOT,null,MULE2CAM-EPIC-sap-data-retrieval_1.4.0-SNAPSHOT,2,Expert Team,sap-data-retrieval_1.4.0-SNAPSHOT,sap-api-main,8,null,null
Story,MULE2CAM-2-upload-to-ftp-after-converting-json-to-xml_1.4.0-SNAPSHOT-main,main,Migrate main from upload-to-ftp-after-converting-json-to-xml_1.4.0-SNAPSHOT,null,MULE2CAM-EPIC-upload-to-ftp-after-converting-json-to-xml_1.4.0-SNAPSHOT,2,Expert Team,upload-to-ftp-after-converting-json-to-xml_1.4.0-SNAPSHOT,main,8,null,null
Story,MULE2CAM-2-track-a-custom-business-event_1.4.0-SNAPSHOT-custom-business-eventsFlow1,custom-business-eventsFlow1,Migrate custom-business-eventsFlow1 from track-a-custom-business-event_1.4.0-SNAPSHOT,null,MULE2CAM-EPIC-track-a-custom-business-event_1.4.0-SNAPSHOT,2,Expert Team,track-a-custom-business-event_1.4.0-SNAPSHOT,custom-business-eventsFlow1,3,null,null
Story,MULE2CAM-2-filtering-a-message_1.4.0-SNAPSHOT-filteringFlow1,filteringFlow1,Migrate filteringFlow1 from filtering-a-message_1.4.0-SNAPSHOT,null,MULE2CAM-EPIC-filtering-a-message_1.4.0-SNAPSHOT,2,Senior Team,filtering-a-message_1.4.0-SNAPSHOT,filteringFlow1,8,null,null
Story,MULE2CAM-2-scatter-gather-flow-control_1.4.0-SNAPSHOT-scatter-gatherFlow,scatter-gatherFlow,Migrate scatter-gatherFlow from scatter-gather-flow-control_1.4.0-SNAPSHOT,null,MULE2CAM-EPIC-scatter-gather-flow-control_1.4.0-SNAPSHOT,2,Senior Team,scatter-gather-flow-control_1.4.0-SNAPSHOT,scatter-gatherFlow,8,null,null
Story,MULE2CAM-2-processing-orders-with-dataweave-and-APIkit_1.4.0-SNAPSHOT-2-OrderFlow_2,OrderFlow_2,Migrate OrderFlow_2 from processing-orders-with-dataweave-and-APIkit_1.4.0-SNAPSHOT-2,null,MULE2CAM-EPIC-processing-orders-with-dataweave-and-APIkit_1.4.0-SNAPSHOT-2,2,Standard Team,processing-orders-with-dataweave-and-APIkit_1.4.0-SNAPSHOT-2,OrderFlow_2,8,null,null
Story,MULE2CAM-2-using-transactional-scope-in-jms-to-database_1.4.0-SNAPSHOT-transactionsFlow1,transactionsFlow1,Migrate transactionsFlow1 from using-transactional-scope-in-jms-to-database_1.4.0-SNAPSHOT,null,MULE2CAM-EPIC-using-transactional-scope-in-jms-to-database_1.4.0-SNAPSHOT,2,Standard Team,using-transactional-scope-in-jms-to-database_1.4.0-SNAPSHOT,transactionsFlow1,5,null,null
Story,MULE2CAM-2-legacy-modernization_1.4.0-SNAPSHOT-Fulfillment_LegacySystemModernization,Fulfillment_LegacySystemModernization,Migrate Fulfillment_LegacySystemModernization from legacy-modernization_1.4.0-SNAPSHOT,null,MULE2CAM-EPIC-legacy-modernization_1.4.0-SNAPSHOT,2,Standard Team,legacy-modernization_1.4.0-SNAPSHOT,Fulfillment_LegacySystemModernization,3,null,null
Story,MULE2CAM-2-proxying-a-soap-api_1.4.0-SNAPSHOT-main,main,Migrate main from proxying-a-soap-api_1.4.0-SNAPSHOT,null,MULE2CAM-EPIC-proxying-a-soap-api_1.4.0-SNAPSHOT,2,Standard Team,proxying-a-soap-api_1.4.0-SNAPSHOT,main,3,null,null
Story,MULE2CAM-2-dataweave-with-flowreflookup_1.4.0-SNAPSHOT-LookUpSalesRegionFlow,LookUpSalesRegionFlow,Migrate LookUpSalesRegionFlow from dataweave-with-flowreflookup_1.4.0-SNAPSHOT,null,MULE2CAM-EPIC-dataweave-with-flowreflookup_1.4.0-SNAPSHOT,2,Standard Team,dataweave-with-flowreflookup_1.4.0-SNAPSHOT,LookUpSalesRegionFlow,2,null,null
Story,MULE2CAM-2-processing-orders-with-dataweave-and-APIkit_1.4.0-SNAPSHOT-currency-main,currency-main,Migrate currency-main from processing-orders-with-dataweave-and-APIkit_1.4.0-SNAPSHOT,null,MULE2CAM-EPIC-processing-orders-with-dataweave-and-APIkit_1.4.0-SNAPSHOT,2,Standard Team,processing-orders-with-dataweave-and-APIkit_1.4.0-SNAPSHOT,currency-main,2,null,null
Story,MULE2CAM-3-import-contacts-into-salesforce_1.4.0-SNAPSHOT-Contacts_to_SFDC,Contacts_to_SFDC,Migrate Contacts_to_SFDC from import-contacts-into-salesforce_1.4.0-SNAPSHOT,null,MULE2CAM-EPIC-import-contacts-into-salesforce_1.4.0-SNAPSHOT,3,Expert Team,import-contacts-into-salesforce_1.4.0-SNAPSHOT,Contacts_to_SFDC,8,null,null
Story,MULE2CAM-3-sending-a-csv-file-through-email-using-smtp_1.4.0-SNAPSHOT-csv-to-smtpFlow,csv-to-smtpFlow,Migrate csv-to-smtpFlow from sending-a-csv-file-through-email-using-smtp_1.4.0-SNAPSHOT,null,MULE2CAM-EPIC-sending-a-csv-file-through-email-using-smtp_1.4.0-SNAPSHOT,3,Expert Team,sending-a-csv-file-through-email-using-smtp_1.4.0-SNAPSHOT,csv-to-smtpFlow,8,null,null
Story,MULE2CAM-3-foreach-processing-and-choice-routing_1.4.0-SNAPSHOT-loan-broker-sync,loan-broker-sync,Migrate loan-broker-sync from foreach-processing-and-choice-routing_1.4.0-SNAPSHOT,null,MULE2CAM-EPIC-foreach-processing-and-choice-routing_1.4.0-SNAPSHOT,3,Expert Team,foreach-processing-and-choice-routing_1.4.0-SNAPSHOT,loan-broker-sync,5,null,null
Story,MULE2CAM-3-netsuite-data-retrieval_1.4.0-SNAPSHOT-get:/oportunities:netsuite-api-config,get:/oportunities:netsuite-api-config,Migrate get:/oportunities:netsuite-api-config from netsuite-data-retrieval_1.4.0-SNAPSHOT,null,MULE2CAM-EPIC-netsuite-data-retrieval_1.4.0-SNAPSHOT,3,Senior Team,netsuite-data-retrieval_1.4.0-SNAPSHOT,get:/oportunities:netsuite-api-config,13,null,null
Story,MULE2CAM-3-websphere-mq_1.4.0-SNAPSHOT-Input,Input,Migrate Input from websphere-mq_1.4.0-SNAPSHOT,null,MULE2CAM-EPIC-websphere-mq_1.4.0-SNAPSHOT,3,Senior Team,websphere-mq_1.4.0-SNAPSHOT,Input,8,null,null
Story,MULE2CAM-3-cache-scope-with-fibonacci_1.4.0-SNAPSHOT-cache-exampleFlow1,cache-exampleFlow1,Migrate cache-exampleFlow1 from cache-scope-with-fibonacci_1.4.0-SNAPSHOT,null,MULE2CAM-EPIC-cache-scope-with-fibonacci_1.4.0-SNAPSHOT,3,Standard Team,cache-scope-with-fibonacci_1.4.0-SNAPSHOT,cache-exampleFlow1,5,null,null
Story,MULE2CAM-3-addition-using-javascript-transformer_1.4.0-SNAPSHOT-javascript-calculatorFlow1,javascript-calculatorFlow1,Migrate javascript-calculatorFlow1 from addition-using-javascript-transformer_1.4.0-SNAPSHOT,null,MULE2CAM-EPIC-addition-using-javascript-transformer_1.4.0-SNAPSHOT,3,Standard Team,addition-using-javascript-transformer_1.4.0-SNAPSHOT,javascript-calculatorFlow1,3,null,null
Story,MULE2CAM-3-login-form-using-the-http-connector_1.4.0-SNAPSHOT-DoLoginFlow,DoLoginFlow,Migrate DoLoginFlow from login-form-using-the-http-connector_1.4.0-SNAPSHOT,null,MULE2CAM-EPIC-login-form-using-the-http-connector_1.4.0-SNAPSHOT,3,Standard Team,login-form-using-the-http-connector_1.4.0-SNAPSHOT,DoLoginFlow,3,null,null
Story,MULE2CAM-3-querying-a-db-and-attaching-results-to-an-email_1.4.0-SNAPSHOT-attachmentsFlow1,attachmentsFlow1,Migrate attachmentsFlow1 from querying-a-db-and-attaching-results-to-an-email_1.4.0-SNAPSHOT,null,MULE2CAM-EPIC-querying-a-db-and-attaching-results-to-an-email_1.4.0-SNAPSHOT,3,Standard Team,querying-a-db-and-attaching-results-to-an-email_1.4.0-SNAPSHOT,attachmentsFlow1,3,null,null
Story,MULE2CAM-3-exposing-a-restful-resource-using-the-HTTP-connector_1.4.0-SNAPSHOT-retrieveAllPersonsFlow,retrieveAllPersonsFlow,Migrate retrieveAllPersonsFlow from exposing-a-restful-resource-using-the-HTTP-connector_1.4.0-SNAPSHOT,null,MULE2CAM-EPIC-exposing-a-restful-resource-using-the-HTTP-connector_1.4.0-SNAPSHOT,3,Standard Team,exposing-a-restful-resource-using-the-HTTP-connector_1.4.0-SNAPSHOT,retrieveAllPersonsFlow,2,null,null
Story,MULE2CAM-3-processing-orders-with-dataweave-and-APIkit_1.4.0-SNAPSHOT-2-currency-main,currency-main,Migrate currency-main from processing-orders-with-dataweave-and-APIkit_1.4.0-SNAPSHOT-2,null,MULE2CAM-EPIC-processing-orders-with-dataweave-and-APIkit_1.4.0-SNAPSHOT-2,3,Standard Team,processing-orders-with-dataweave-and-APIkit_1.4.0-SNAPSHOT-2,currency-main,2,null,null
Story,MULE2CAM-4-importing-an-email-attachment-using-the-POP3-connector_1.4.0-SNAPSHOT-pop-to-xmlFlow1,pop-to-xmlFlow1,Migrate pop-to-xmlFlow1 from importing-an-email-attachment-using-the-POP3-connector_1.4.0-SNAPSHOT,null,MULE2CAM-EPIC-importing-an-email-attachment-using-the-POP3-connector_1.4.0-SNAPSHOT,4,Expert Team,importing-an-email-attachment-using-the-POP3-connector_1.4.0-SNAPSHOT,pop-to-xmlFlow1,8,null,null
Story,MULE2CAM-4-service-orchestration-and-choice-routing_1.4.0-SNAPSHOT-orderProxy,orderProxy,Migrate orderProxy from service-orchestration-and-choice-routing_1.4.0-SNAPSHOT,null,MULE2CAM-EPIC-service-orchestration-and-choice-routing_1.4.0-SNAPSHOT,4,Expert Team,service-orchestration-and-choice-routing_1.4.0-SNAPSHOT,orderProxy,8,null,null
Story,MULE2CAM-4-service-orchestration-and-choice-routing_1.4.0-SNAPSHOT-priceService,priceService,Migrate priceService from service-orchestration-and-choice-routing_1.4.0-SNAPSHOT,null,MULE2CAM-EPIC-service-orchestration-and-choice-routing_1.4.0-SNAPSHOT,4,Expert Team,service-orchestration-and-choice-routing_1.4.0-SNAPSHOT,priceService,5,null,null
Story,MULE2CAM-4-rest-api-with-apikit_1.4.0-SNAPSHOT-put:/teams/{teamId}:leagues-config,put:/teams/{teamId}:leagues-config,Migrate put:/teams/{teamId}:leagues-config from rest-api-with-apikit_1.4.0-SNAPSHOT,null,MULE2CAM-EPIC-rest-api-with-apikit_1.4.0-SNAPSHOT,4,Senior Team,rest-api-with-apikit_1.4.0-SNAPSHOT,put:/teams/{teamId}:leagues-config,13,null,null
Story,MULE2CAM-4-get-customer-list-from-netsuite_1.4.0-SNAPSHOT-get-customer-list-from-netsuiteFlow,get-customer-list-from-netsuiteFlow,Migrate get-customer-list-from-netsuiteFlow from get-customer-list-from-netsuite_1.4.0-SNAPSHOT,null,MULE2CAM-EPIC-get-customer-list-from-netsuite_1.4.0-SNAPSHOT,4,Senior Team,get-customer-list-from-netsuite_1.4.0-SNAPSHOT,get-customer-list-from-netsuiteFlow,5,null,null
Story,MULE2CAM-4-dataweave-with-flowreflookup_1.4.0-SNAPSHOT-CreateNewSalesforceAccountFlow,CreateNewSalesforceAccountFlow,Migrate CreateNewSalesforceAccountFlow from dataweave-with-flowreflookup_1.4.0-SNAPSHOT,null,MULE2CAM-EPIC-dataweave-with-flowreflookup_1.4.0-SNAPSHOT,4,Standard Team,dataweave-with-flowreflookup_1.4.0-SNAPSHOT,CreateNewSalesforceAccountFlow,5,null,null
Story,MULE2CAM-4-authenticating-salesforce-using-oauth2_1.4.0-SNAPSHOT-salesforce-oauthFlow1,salesforce-oauthFlow1,Migrate salesforce-oauthFlow1 from authenticating-salesforce-using-oauth2_1.4.0-SNAPSHOT,null,MULE2CAM-EPIC-authenticating-salesforce-using-oauth2_1.4.0-SNAPSHOT,4,Standard Team,authenticating-salesforce-using-oauth2_1.4.0-SNAPSHOT,salesforce-oauthFlow1,3,null,null
Story,MULE2CAM-4-mule-component-bindings-StockServiceFlow,StockServiceFlow,Migrate StockServiceFlow from mule-component-bindings,null,MULE2CAM-EPIC-mule-component-bindings,4,Standard Team,mule-component-bindings,StockServiceFlow,3,null,null
Story,MULE2CAM-4-salesforce-data-retrieval_1.4.0-SNAPSHOT-salesforceDataRetrievalFlow,salesforceDataRetrievalFlow,Migrate salesforceDataRetrievalFlow from salesforce-data-retrieval_1.4.0-SNAPSHOT,null,MULE2CAM-EPIC-salesforce-data-retrieval_1.4.0-SNAPSHOT,4,Standard Team,salesforce-data-retrieval_1.4.0-SNAPSHOT,salesforceDataRetrievalFlow,3,null,null
Story,MULE2CAM-4-hello-world_1.4.0-SNAPSHOT-HelloWorldFlow1,HelloWorldFlow1,Migrate HelloWorldFlow1 from hello-world_1.4.0-SNAPSHOT,null,MULE2CAM-EPIC-hello-world_1.4.0-SNAPSHOT,4,Standard Team,hello-world_1.4.0-SNAPSHOT,HelloWorldFlow1,2,null,null
Story,MULE2CAM-4-proxying-a-rest-api_1.4.0-SNAPSHOT-rest-api-proxy,rest-api-proxy,Migrate rest-api-proxy from proxying-a-rest-api_1.4.0-SNAPSHOT,null,MULE2CAM-EPIC-proxying-a-rest-api_1.4.0-SNAPSHOT,4,Standard Team,proxying-a-rest-api_1.4.0-SNAPSHOT,rest-api-proxy,2,null,null
Story,MULE2CAM-5-jms-message-rollback-and-redelivery_1.4.0-SNAPSHOT-JMSRedeliver,JMSRedeliver,Migrate JMSRedeliver from jms-message-rollback-and-redelivery_1.4.0-SNAPSHOT,null,MULE2CAM-EPIC-jms-message-rollback-and-redelivery_1.4.0-SNAPSHOT,5,Expert Team,jms-message-rollback-and-redelivery_1.4.0-SNAPSHOT,JMSRedeliver,8,null,null
Story,MULE2CAM-5-service-orchestration-and-choice-routing_1.4.0-SNAPSHOT-orderService,orderService,Migrate orderService from service-orchestration-and-choice-routing_1.4.0-SNAPSHOT,null,MULE2CAM-EPIC-service-orchestration-and-choice-routing_1.4.0-SNAPSHOT,5,Expert Team,service-orchestration-and-choice-routing_1.4.0-SNAPSHOT,orderService,8,null,null
Story,MULE2CAM-5-web-service-consumer_1.4.0-SNAPSHOT-listInventory,listInventory,Migrate listInventory from web-service-consumer_1.4.0-SNAPSHOT,null,MULE2CAM-EPIC-web-service-consumer_1.4.0-SNAPSHOT,5,Expert Team,web-service-consumer_1.4.0-SNAPSHOT,listInventory,5,null,null
Story,MULE2CAM-5-rest-api-with-apikit_1.4.0-SNAPSHOT-put:/fixture/{homeTeamId}/{awayTeamId}:leagues-config,put:/fixture/{homeTeamId}/{awayTeamId}:leagues-config,Migrate put:/fixture/{homeTeamId}/{awayTeamId}:leagues-config from rest-api-with-apikit_1.4.0-SNAPSHOT,null,MULE2CAM-EPIC-rest-api-with-apikit_1.4.0-SNAPSHOT,5,Senior Team,rest-api-with-apikit_1.4.0-SNAPSHOT,put:/fixture/{homeTeamId}/{awayTeamId}:leagues-config,13,null,null
Story,MULE2CAM-5-websphere-mq_1.4.0-SNAPSHOT-MessageProcessor,MessageProcessor,Migrate MessageProcessor from websphere-mq_1.4.0-SNAPSHOT,null,MULE2CAM-EPIC-websphere-mq_1.4.0-SNAPSHOT,5,Senior Team,websphere-mq_1.4.0-SNAPSHOT,MessageProcessor,5,null,null
Story,MULE2CAM-5-exposing-a-restful-resource-using-the-HTTP-connector_1.4.0-SNAPSHOT-storePersonFlow,storePersonFlow,Migrate storePersonFlow from exposing-a-restful-resource-using-the-HTTP-connector_1.4.0-SNAPSHOT,null,MULE2CAM-EPIC-exposing-a-restful-resource-using-the-HTTP-connector_1.4.0-SNAPSHOT,5,Standard Team,exposing-a-restful-resource-using-the-HTTP-connector_1.4.0-SNAPSHOT,storePersonFlow,5,null,null
Story,MULE2CAM-5-cache-scope-with-fibonacci_1.4.0-SNAPSHOT-calculateFibonacci,calculateFibonacci,Migrate calculateFibonacci from cache-scope-with-fibonacci_1.4.0-SNAPSHOT,null,MULE2CAM-EPIC-cache-scope-with-fibonacci_1.4.0-SNAPSHOT,5,Standard Team,cache-scope-with-fibonacci_1.4.0-SNAPSHOT,calculateFibonacci,3,null,null
Story,MULE2CAM-5-mule-expression-language-basics_1.4.0-SNAPSHOT-greetingFlow2,greetingFlow2,Migrate greetingFlow2 from mule-expression-language-basics_1.4.0-SNAPSHOT,null,MULE2CAM-EPIC-mule-expression-language-basics_1.4.0-SNAPSHOT,5,Standard Team,mule-expression-language-basics_1.4.0-SNAPSHOT,greetingFlow2,3,null,null
Story,MULE2CAM-5-sending-json-data-to-a-amqp-queue_1.4.0-SNAPSHOT-json-to-rabbitmqFlow,json-to-rabbitmqFlow,Migrate json-to-rabbitmqFlow from sending-json-data-to-a-amqp-queue_1.4.0-SNAPSHOT,null,MULE2CAM-EPIC-sending-json-data-to-a-amqp-queue_1.4.0-SNAPSHOT,5,Standard Team,sending-json-data-to-a-amqp-queue_1.4.0-SNAPSHOT,json-to-rabbitmqFlow,3,null,null
Story,MULE2CAM-5-http-login-html-form-httpRenderFlow,httpRenderFlow,Migrate httpRenderFlow from http-login-html-form,null,MULE2CAM-EPIC-http-login-html-form,5,Standard Team,http-login-html-form,httpRenderFlow,2,null,null
Story,MULE2CAM-5-querying-a-mysql-database_1.4.0-SNAPSHOT-database-to-jsonFlow,database-to-jsonFlow,Migrate database-to-jsonFlow from querying-a-mysql-database_1.4.0-SNAPSHOT,null,MULE2CAM-EPIC-querying-a-mysql-database_1.4.0-SNAPSHOT,5,Standard Team,querying-a-mysql-database_1.4.0-SNAPSHOT,database-to-jsonFlow,2,null,null
Story,MULE2CAM-6-netsuite-data-retrieval_1.4.0-SNAPSHOT-netsuite-api-main,netsuite-api-main,Migrate netsuite-api-main from netsuite-data-retrieval_1.4.0-SNAPSHOT,null,MULE2CAM-EPIC-netsuite-data-retrieval_1.4.0-SNAPSHOT,6,Expert Team,netsuite-data-retrieval_1.4.0-SNAPSHOT,netsuite-api-main,8,null,null
Story,MULE2CAM-6-service-orchestration-and-choice-routing_1.4.0-SNAPSHOT-inhouseOrder,inhouseOrder,Migrate inhouseOrder from service-orchestration-and-choice-routing_1.4.0-SNAPSHOT,null,MULE2CAM-EPIC-service-orchestration-and-choice-routing_1.4.0-SNAPSHOT,6,Expert Team,service-orchestration-and-choice-routing_1.4.0-SNAPSHOT,inhouseOrder,8,null,null
Story,MULE2CAM-6-foreach-processing-and-choice-routing_1.4.0-SNAPSHOT-TheCreditAgencyService,TheCreditAgencyService,Migrate TheCreditAgencyService from foreach-processing-and-choice-routing_1.4.0-SNAPSHOT,null,MULE2CAM-EPIC-foreach-processing-and-choice-routing_1.4.0-SNAPSHOT,6,Expert Team,foreach-processing-and-choice-routing_1.4.0-SNAPSHOT,TheCreditAgencyService,3,null,null
Story,MULE2CAM-6-rest-api-with-apikit_1.4.0-SNAPSHOT-post:/teams:leagues-config,post:/teams:leagues-config,Migrate post:/teams:leagues-config from rest-api-with-apikit_1.4.0-SNAPSHOT,null,MULE2CAM-EPIC-rest-api-with-apikit_1.4.0-SNAPSHOT,6,Senior Team,rest-api-with-apikit_1.4.0-SNAPSHOT,post:/teams:leagues-config,13,null,null
Story,MULE2CAM-6-scatter-gather-flow-control_1.4.0-SNAPSHOT-outboundFlow,outboundFlow,Migrate outboundFlow from scatter-gather-flow-control_1.4.0-SNAPSHOT,null,MULE2CAM-EPIC-scatter-gather-flow-control_1.4.0-SNAPSHOT,6,Senior Team,scatter-gather-flow-control_1.4.0-SNAPSHOT,outboundFlow,3,null,null
Story,MULE2CAM-6-import-contacts-into-ms-dynamics_1.4.0-SNAPSHOT-crm-create-account,crm-create-account,Migrate crm-create-account from import-contacts-into-ms-dynamics_1.4.0-SNAPSHOT,null,MULE2CAM-EPIC-import-contacts-into-ms-dynamics_1.4.0-SNAPSHOT,6,Standard Team,import-contacts-into-ms-dynamics_1.4.0-SNAPSHOT,crm-create-account,5,null,null
Story,MULE2CAM-6-content-based-routing_1.4.0-SNAPSHOT-content-based-routingFlow,content-based-routingFlow,Migrate content-based-routingFlow from content-based-routing_1.4.0-SNAPSHOT,null,MULE2CAM-EPIC-content-based-routing_1.4.0-SNAPSHOT,6,Standard Team,content-based-routing_1.4.0-SNAPSHOT,content-based-routingFlow,3,null,null
Story,MULE2CAM-6-mule-expression-language-basics_1.4.0-SNAPSHOT-docs-greetingFlow3,docs-greetingFlow3,Migrate docs-greetingFlow3 from mule-expression-language-basics_1.4.0-SNAPSHOT,null,MULE2CAM-EPIC-mule-expression-language-basics_1.4.0-SNAPSHOT,6,Standard Team,mule-expression-language-basics_1.4.0-SNAPSHOT,docs-greetingFlow3,3,null,null
Story,MULE2CAM-6-sending-json-data-to-a-jms-queue_1.4.0-SNAPSHOT-json-to-jmsFlow,json-to-jmsFlow,Migrate json-to-jmsFlow from sending-json-data-to-a-jms-queue_1.4.0-SNAPSHOT,null,MULE2CAM-EPIC-sending-json-data-to-a-jms-queue_1.4.0-SNAPSHOT,6,Standard Team,sending-json-data-to-a-jms-queue_1.4.0-SNAPSHOT,json-to-jmsFlow,3,null,null
Story,MULE2CAM-6-http-oauth-provider-redirectFlow,redirectFlow,Migrate redirectFlow from http-oauth-provider,null,MULE2CAM-EPIC-http-oauth-provider,6,Standard Team,http-oauth-provider,redirectFlow,2,null,null
Story,MULE2CAM-6-soap-webservice-security_1.4.0-SNAPSHOT-UnsecureServiceFlow,UnsecureServiceFlow,Migrate UnsecureServiceFlow from soap-webservice-security_1.4.0-SNAPSHOT,null,MULE2CAM-EPIC-soap-webservice-security_1.4.0-SNAPSHOT,6,Standard Team,soap-webservice-security_1.4.0-SNAPSHOT,UnsecureServiceFlow,2,null,null
Story,MULE2CAM-7-rest-api-with-apikit_1.4.0-SNAPSHOT-main,main,Migrate main from rest-api-with-apikit_1.4.0-SNAPSHOT,null,MULE2CAM-EPIC-rest-api-with-apikit_1.4.0-SNAPSHOT,7,Expert Team,rest-api-with-apikit_1.4.0-SNAPSHOT,main,8,null,null
Story,MULE2CAM-7-service-orchestration-and-choice-routing_1.4.0-SNAPSHOT-samsungService,samsungService,Migrate samsungService from service-orchestration-and-choice-routing_1.4.0-SNAPSHOT,null,MULE2CAM-EPIC-service-orchestration-and-choice-routing_1.4.0-SNAPSHOT,7,Expert Team,service-orchestration-and-choice-routing_1.4.0-SNAPSHOT,samsungService,8,null,null
Story,MULE2CAM-7-foreach-processing-and-choice-routing_1.4.0-SNAPSHOT-Bank1Flow,Bank1Flow,Migrate Bank1Flow from foreach-processing-and-choice-routing_1.4.0-SNAPSHOT,null,MULE2CAM-EPIC-foreach-processing-and-choice-routing_1.4.0-SNAPSHOT,7,Expert Team,foreach-processing-and-choice-routing_1.4.0-SNAPSHOT,Bank1Flow,3,null,null
Story,MULE2CAM-7-sap-data-retrieval_1.4.0-SNAPSHOT-get:/customers:sap-api-config,get:/customers:sap-api-config,Migrate get:/customers:sap-api-config from sap-data-retrieval_1.4.0-SNAPSHOT,null,MULE2CAM-EPIC-sap-data-retrieval_1.4.0-SNAPSHOT,7,Senior Team,sap-data-retrieval_1.4.0-SNAPSHOT,get:/customers:sap-api-config,13,null,null
Story,MULE2CAM-7-websphere-mq_1.4.0-SNAPSHOT-Output,Output,Migrate Output from websphere-mq_1.4.0-SNAPSHOT,null,MULE2CAM-EPIC-websphere-mq_1.4.0-SNAPSHOT,7,Senior Team,websphere-mq_1.4.0-SNAPSHOT,Output,3,null,null
Story,MULE2CAM-7-importing-a-CSV-file-into-Mongo-DB_1.4.0-SNAPSHOT-csv-to-mongodbFlow1,csv-to-mongodbFlow1,Migrate csv-to-mongodbFlow1 from importing-a-CSV-file-into-Mongo-DB_1.4.0-SNAPSHOT,null,MULE2CAM-EPIC-importing-a-CSV-file-into-Mongo-DB_1.4.0-SNAPSHOT,7,Standard Team,importing-a-CSV-file-into-Mongo-DB_1.4.0-SNAPSHOT,csv-to-mongodbFlow1,5,null,null
Story,MULE2CAM-7-document-integration-using-the-cmis-connector_1.4.0-SNAPSHOT-CMIS,CMIS,Migrate CMIS from document-integration-using-the-cmis-connector_1.4.0-SNAPSHOT,null,MULE2CAM-EPIC-document-integration-using-the-cmis-connector_1.4.0-SNAPSHOT,7,Standard Team,document-integration-using-the-cmis-connector_1.4.0-SNAPSHOT,CMIS,3,null,null
Story,MULE2CAM-7-mule-expression-language-basics_1.4.0-SNAPSHOT-docs-greetingFlow5,docs-greetingFlow5,Migrate docs-greetingFlow5 from mule-expression-language-basics_1.4.0-SNAPSHOT,null,MULE2CAM-EPIC-mule-expression-language-basics_1.4.0-SNAPSHOT,7,Standard Team,mule-expression-language-basics_1.4.0-SNAPSHOT,docs-greetingFlow5,3,null,null
Story,MULE2CAM-7-soap-webservice-security_1.4.0-SNAPSHOT-SecurityClients,SecurityClients,Migrate SecurityClients from soap-webservice-security_1.4.0-SNAPSHOT,null,MULE2CAM-EPIC-soap-webservice-security_1.4.0-SNAPSHOT,7,Standard Team,soap-webservice-security_1.4.0-SNAPSHOT,SecurityClients,3,null,null
Story,MULE2CAM-7-http-request-response-with-logger_1.4.0-SNAPSHOT-EchoFlow,EchoFlow,Migrate EchoFlow from http-request-response-with-logger_1.4.0-SNAPSHOT,null,MULE2CAM-EPIC-http-request-response-with-logger_1.4.0-SNAPSHOT,7,Standard Team,http-request-response-with-logger_1.4.0-SNAPSHOT,EchoFlow,2,null,null
Story,MULE2CAM-7-processing-orders-with-dataweave-and-APIkit_1.4.0-SNAPSHOT-get:/currencies:currency-config,get:/currencies:currency-config,Migrate get:/currencies:currency-config from processing-orders-with-dataweave-and-APIkit_1.4.0-SNAPSHOT,null,MULE2CAM-EPIC-processing-orders-with-dataweave-and-APIkit_1.4.0-SNAPSHOT,7,Standard Team,processing-orders-with-dataweave-and-APIkit_1.4.0-SNAPSHOT,get:/currencies:currency-config,1,null,null
Story,MULE2CAM-8-sap-data-retrieval_1.4.0-SNAPSHOT-get:/salesOrders:sap-api-config,get:/salesOrders:sap-api-config,Migrate get:/salesOrders:sap-api-config from sap-data-retrieval_1.4.0-SNAPSHOT,null,MULE2CAM-EPIC-sap-data-retrieval_1.4.0-SNAPSHOT,8,Expert Team,sap-data-retrieval_1.4.0-SNAPSHOT,get:/salesOrders:sap-api-config,13,null,null
Story,MULE2CAM-8-service-orchestration-and-choice-routing_1.4.0-SNAPSHOT-databaseInitialisation,databaseInitialisation,Migrate databaseInitialisation from service-orchestration-and-choice-routing_1.4.0-SNAPSHOT,null,MULE2CAM-EPIC-service-orchestration-and-choice-routing_1.4.0-SNAPSHOT,8,Expert Team,service-orchestration-and-choice-routing_1.4.0-SNAPSHOT,databaseInitialisation,8,null,null
Story,MULE2CAM-8-foreach-processing-and-choice-routing_1.4.0-SNAPSHOT-Bank2Flow,Bank2Flow,Migrate Bank2Flow from foreach-processing-and-choice-routing_1.4.0-SNAPSHOT,null,MULE2CAM-EPIC-foreach-processing-and-choice-routing_1.4.0-SNAPSHOT,8,Expert Team,foreach-processing-and-choice-routing_1.4.0-SNAPSHOT,Bank2Flow,3,null,null
Story,MULE2CAM-8-rest-api-with-apikit_1.4.0-SNAPSHOT-get:/teams:leagues-config,get:/teams:leagues-config,Migrate get:/teams:leagues-config from rest-api-with-apikit_1.4.0-SNAPSHOT,null,MULE2CAM-EPIC-rest-api-with-apikit_1.4.0-SNAPSHOT,8,Senior Team,rest-api-with-apikit_1.4.0-SNAPSHOT,get:/teams:leagues-config,8,null,null
Story,MULE2CAM-8-importing-an-email-attachment-using-the-IMAP-connector_1.4.0-SNAPSHOT-imap-to-csvFlow1,imap-to-csvFlow1,Migrate imap-to-csvFlow1 from importing-an-email-attachment-using-the-IMAP-connector_1.4.0-SNAPSHOT,null,MULE2CAM-EPIC-importing-an-email-attachment-using-the-IMAP-connector_1.4.0-SNAPSHOT,8,Standard Team,importing-an-email-attachment-using-the-IMAP-connector_1.4.0-SNAPSHOT,imap-to-csvFlow1,5,null,null
Story,MULE2CAM-8-exposing-a-restful-resource-using-the-HTTP-connector_1.4.0-SNAPSHOT-retrievePersonFlow,retrievePersonFlow,Migrate retrievePersonFlow from exposing-a-restful-resource-using-the-HTTP-connector_1.4.0-SNAPSHOT,null,MULE2CAM-EPIC-exposing-a-restful-resource-using-the-HTTP-connector_1.4.0-SNAPSHOT,8,Standard Team,exposing-a-restful-resource-using-the-HTTP-connector_1.4.0-SNAPSHOT,retrievePersonFlow,3,null,null
Story,MULE2CAM-8-mule-expression-language-basics_1.4.0-SNAPSHOT-greetingFlow6,greetingFlow6,Migrate greetingFlow6 from mule-expression-language-basics_1.4.0-SNAPSHOT,null,MULE2CAM-EPIC-mule-expression-language-basics_1.4.0-SNAPSHOT,8,Standard Team,mule-expression-language-basics_1.4.0-SNAPSHOT,greetingFlow6,3,null,null
Story,MULE2CAM-8-soap-webservice-security_1.4.0-SNAPSHOT-UsernameTokenServiceFlow,UsernameTokenServiceFlow,Migrate UsernameTokenServiceFlow from soap-webservice-security_1.4.0-SNAPSHOT,null,MULE2CAM-EPIC-soap-webservice-security_1.4.0-SNAPSHOT,8,Standard Team,soap-webservice-security_1.4.0-SNAPSHOT,UsernameTokenServiceFlow,3,null,null
Story,MULE2CAM-8-login-form-using-the-http-connector_1.4.0-SNAPSHOT-GetLoginPageFlow,GetLoginPageFlow,Migrate GetLoginPageFlow from login-form-using-the-http-connector_1.4.0-SNAPSHOT,null,MULE2CAM-EPIC-login-form-using-the-http-connector_1.4.0-SNAPSHOT,8,Standard Team,login-form-using-the-http-connector_1.4.0-SNAPSHOT,GetLoginPageFlow,2,null,null
Story,MULE2CAM-8-processing-orders-with-dataweave-and-APIkit_1.4.0-SNAPSHOT-2-get:/currencies:currency-config,get:/currencies:currency-config,Migrate get:/currencies:currency-config from processing-orders-with-dataweave-and-APIkit_1.4.0-SNAPSHOT-2,null,MULE2CAM-EPIC-processing-orders-with-dataweave-and-APIkit_1.4.0-SNAPSHOT-2,8,Standard Team,processing-orders-with-dataweave-and-APIkit_1.4.0-SNAPSHOT-2,get:/currencies:currency-config,1,null,null
Story,MULE2CAM-9-sap-data-retrieval_1.4.0-SNAPSHOT-get:/materials:sap-api-config,get:/materials:sap-api-config,Migrate get:/materials:sap-api-config from sap-data-retrieval_1.4.0-SNAPSHOT,null,MULE2CAM-EPIC-sap-data-retrieval_1.4.0-SNAPSHOT,9,Expert Team,sap-data-retrieval_1.4.0-SNAPSHOT,get:/materials:sap-api-config,13,null,null
Story,MULE2CAM-9-testing-apikit-with-munit_1.4.0-SNAPSHOT-api-main,api-main,Migrate api-main from testing-apikit-with-munit_1.4.0-SNAPSHOT,null,MULE2CAM-EPIC-testing-apikit-with-munit_1.4.0-SNAPSHOT,9,Expert Team,testing-apikit-with-munit_1.4.0-SNAPSHOT,api-main,8,null,null
Story,MULE2CAM-9-foreach-processing-and-choice-routing_1.4.0-SNAPSHOT-Bank3Flow,Bank3Flow,Migrate Bank3Flow from foreach-processing-and-choice-routing_1.4.0-SNAPSHOT,null,MULE2CAM-EPIC-foreach-processing-and-choice-routing_1.4.0-SNAPSHOT,9,Expert Team,foreach-processing-and-choice-routing_1.4.0-SNAPSHOT,Bank3Flow,3,null,null
Story,MULE2CAM-9-rest-api-with-apikit_1.4.0-SNAPSHOT-get:/teams/{teamId}:leagues-config,get:/teams/{teamId}:leagues-config,Migrate get:/teams/{teamId}:leagues-config from rest-api-with-apikit_1.4.0-SNAPSHOT,null,MULE2CAM-EPIC-rest-api-with-apikit_1.4.0-SNAPSHOT,9,Senior Team,rest-api-with-apikit_1.4.0-SNAPSHOT,get:/teams/{teamId}:leagues-config,8,null,null
Story,MULE2CAM-9-mule-expression-language-basics_1.4.0-SNAPSHOT-docs-greetingFlow4,docs-greetingFlow4,Migrate docs-greetingFlow4 from mule-expression-language-basics_1.4.0-SNAPSHOT,null,MULE2CAM-EPIC-mule-expression-language-basics_1.4.0-SNAPSHOT,9,Standard Team,mule-expression-language-basics_1.4.0-SNAPSHOT,docs-greetingFlow4,5,null,null
Story,MULE2CAM-9-extracting-data-from-LDAP-directory_1.4.0-SNAPSHOT-ldapFlow1,ldapFlow1,Migrate ldapFlow1 from extracting-data-from-LDAP-directory_1.4.0-SNAPSHOT,null,MULE2CAM-EPIC-extracting-data-from-LDAP-directory_1.4.0-SNAPSHOT,9,Standard Team,extracting-data-from-LDAP-directory_1.4.0-SNAPSHOT,ldapFlow1,3,null,null
Story,MULE2CAM-9-munit-short-tutorial_1.4.0-SNAPSHOT-exampleFlow,exampleFlow,Migrate exampleFlow from munit-short-tutorial_1.4.0-SNAPSHOT,null,MULE2CAM-EPIC-munit-short-tutorial_1.4.0-SNAPSHOT,9,Standard Team,munit-short-tutorial_1.4.0-SNAPSHOT,exampleFlow,3,null,null
Story,MULE2CAM-9-soap-webservice-security_1.4.0-SNAPSHOT-UsernameTokenSignedServiceFlow,UsernameTokenSignedServiceFlow,Migrate UsernameTokenSignedServiceFlow from soap-webservice-security_1.4.0-SNAPSHOT,null,MULE2CAM-EPIC-soap-webservice-security_1.4.0-SNAPSHOT,9,Standard Team,soap-webservice-security_1.4.0-SNAPSHOT,UsernameTokenSignedServiceFlow,3,null,null
Story,MULE2CAM-9-login-form-using-the-http-connector_1.4.0-SNAPSHOT-CallLoginFlowUsingRequester,CallLoginFlowUsingRequester,Migrate CallLoginFlowUsingRequester from login-form-using-the-http-connector_1.4.0-SNAPSHOT,null,MULE2CAM-EPIC-login-form-using-the-http-connector_1.4.0-SNAPSHOT,9,Standard Team,login-form-using-the-http-connector_1.4.0-SNAPSHOT,CallLoginFlowUsingRequester,2,null,null
Story,MULE2CAM-10-service-orchestration-and-choice-routing_1.4.0-SNAPSHOT-orderRequest,orderRequest,Migrate orderRequest from service-orchestration-and-choice-routing_1.4.0-SNAPSHOT,null,MULE2CAM-EPIC-service-orchestration-and-choice-routing_1.4.0-SNAPSHOT,10,Expert Team,service-orchestration-and-choice-routing_1.4.0-SNAPSHOT,orderRequest,13,null,null
Story,MULE2CAM-10-testing-apikit-with-munit_1.4.0-SNAPSHOT-get:/munit:api-config,get:/munit:api-config,Migrate get:/munit:api-config from testing-apikit-with-munit_1.4.0-SNAPSHOT,null,MULE2CAM-EPIC-testing-apikit-with-munit_1.4.0-SNAPSHOT,10,Expert Team,testing-apikit-with-munit_1.4.0-SNAPSHOT,get:/munit:api-config,8,null,null
Story,MULE2CAM-10-foreach-processing-and-choice-routing_1.4.0-SNAPSHOT-Bank4Flow,Bank4Flow,Migrate Bank4Flow from foreach-processing-and-choice-routing_1.4.0-SNAPSHOT,null,MULE2CAM-EPIC-foreach-processing-and-choice-routing_1.4.0-SNAPSHOT,10,Expert Team,foreach-processing-and-choice-routing_1.4.0-SNAPSHOT,Bank4Flow,3,null,null
Story,MULE2CAM-10-rest-api-with-apikit_1.4.0-SNAPSHOT-delete:/teams/{teamId}:leagues-config,delete:/teams/{teamId}:leagues-config,Migrate delete:/teams/{teamId}:leagues-config from rest-api-with-apikit_1.4.0-SNAPSHOT,null,MULE2CAM-EPIC-rest-api-with-apikit_1.4.0-SNAPSHOT,10,Senior Team,rest-api-with-apikit_1.4.0-SNAPSHOT,delete:/teams/{teamId}:leagues-config,8,null,null
Story,MULE2CAM-10-salesforce-data-retrieval_1.4.0-SNAPSHOT-showFormFlow,showFormFlow,Migrate showFormFlow from salesforce-data-retrieval_1.4.0-SNAPSHOT,null,MULE2CAM-EPIC-salesforce-data-retrieval_1.4.0-SNAPSHOT,10,Standard Team,salesforce-data-retrieval_1.4.0-SNAPSHOT,showFormFlow,5,null,null
Story,MULE2CAM-10-http-login-html-form-httpMultipartRequestFlow,httpMultipartRequestFlow,Migrate httpMultipartRequestFlow from http-login-html-form,null,MULE2CAM-EPIC-http-login-html-form,10,Standard Team,http-login-html-form,httpMultipartRequestFlow,3,null,null
Story,MULE2CAM-10-munit-short-tutorial_1.4.0-SNAPSHOT-exampleFlow2,exampleFlow2,Migrate exampleFlow2 from munit-short-tutorial_1.4.0-SNAPSHOT,null,MULE2CAM-EPIC-munit-short-tutorial_1.4.0-SNAPSHOT,10,Standard Team,munit-short-tutorial_1.4.0-SNAPSHOT,exampleFlow2,3,null,null
Story,MULE2CAM-10-soap-webservice-security_1.4.0-SNAPSHOT-UsernameTokenEncryptedServiceFlow,UsernameTokenEncryptedServiceFlow,Migrate UsernameTokenEncryptedServiceFlow from soap-webservice-security_1.4.0-SNAPSHOT,null,MULE2CAM-EPIC-soap-webservice-security_1.4.0-SNAPSHOT,10,Standard Team,soap-webservice-security_1.4.0-SNAPSHOT,UsernameTokenEncryptedServiceFlow,3,null,null
Story,MULE2CAM-10-mule-component-bindings-mule-component-bindingsFlow1,mule-component-bindingsFlow1,Migrate mule-component-bindingsFlow1 from mule-component-bindings,null,MULE2CAM-EPIC-mule-component-bindings,10,Standard Team,mule-component-bindings,mule-component-bindingsFlow1,2,null,null
Story,MULE2CAM-11-service-orchestration-and-choice-routing_1.4.0-SNAPSHOT-samsungOrder,samsungOrder,Migrate samsungOrder from service-orchestration-and-choice-routing_1.4.0-SNAPSHOT,null,MULE2CAM-EPIC-service-orchestration-and-choice-routing_1.4.0-SNAPSHOT,11,Expert Team,service-orchestration-and-choice-routing_1.4.0-SNAPSHOT,samsungOrder,13,null,null
Story,MULE2CAM-11-testing-apikit-with-munit_1.4.0-SNAPSHOT-put:/munit:api-config,put:/munit:api-config,Migrate put:/munit:api-config from testing-apikit-with-munit_1.4.0-SNAPSHOT,null,MULE2CAM-EPIC-testing-apikit-with-munit_1.4.0-SNAPSHOT,11,Expert Team,testing-apikit-with-munit_1.4.0-SNAPSHOT,put:/munit:api-config,8,null,null
Story,MULE2CAM-11-foreach-processing-and-choice-routing_1.4.0-SNAPSHOT-Bank5Flow,Bank5Flow,Migrate Bank5Flow from foreach-processing-and-choice-routing_1.4.0-SNAPSHOT,null,MULE2CAM-EPIC-foreach-processing-and-choice-routing_1.4.0-SNAPSHOT,11,Expert Team,foreach-processing-and-choice-routing_1.4.0-SNAPSHOT,Bank5Flow,3,null,null
Story,MULE2CAM-11-rest-api-with-apikit_1.4.0-SNAPSHOT-get:/positions:leagues-config,get:/positions:leagues-config,Migrate get:/positions:leagues-config from rest-api-with-apikit_1.4.0-SNAPSHOT,null,MULE2CAM-EPIC-rest-api-with-apikit_1.4.0-SNAPSHOT,11,Senior Team,rest-api-with-apikit_1.4.0-SNAPSHOT,get:/positions:leagues-config,8,null,null
Story,MULE2CAM-11-salesforce-to-MySQL-DB-using-Batch-Processing_1.4.0-SNAPSHOT-triggerFlow,triggerFlow,Migrate triggerFlow from salesforce-to-MySQL-DB-using-Batch-Processing_1.4.0-SNAPSHOT,null,MULE2CAM-EPIC-salesforce-to-MySQL-DB-using-Batch-Processing_1.4.0-SNAPSHOT,11,Standard Team,salesforce-to-MySQL-DB-using-Batch-Processing_1.4.0-SNAPSHOT,triggerFlow,5,null,null
Story,MULE2CAM-11-http-oauth-provider-protectedAuthcodeFlow,protectedAuthcodeFlow,Migrate protectedAuthcodeFlow from http-oauth-provider,null,MULE2CAM-EPIC-http-oauth-provider,11,Standard Team,http-oauth-provider,protectedAuthcodeFlow,3,null,null
Story,MULE2CAM-11-oauth2-authorization-code-using-the-HTTP-connector_1.4.0-SNAPSHOT-boxUserLoginFlow,boxUserLoginFlow,Migrate boxUserLoginFlow from oauth2-authorization-code-using-the-HTTP-connector_1.4.0-SNAPSHOT,null,MULE2CAM-EPIC-oauth2-authorization-code-using-the-HTTP-connector_1.4.0-SNAPSHOT,11,Standard Team,oauth2-authorization-code-using-the-HTTP-connector_1.4.0-SNAPSHOT,boxUserLoginFlow,3,null,null
Story,MULE2CAM-11-xml-only-soap-webservice_1.4.0-SNAPSHOT-PatientService,PatientService,Migrate PatientService from xml-only-soap-webservice_1.4.0-SNAPSHOT,null,MULE2CAM-EPIC-xml-only-soap-webservice_1.4.0-SNAPSHOT,11,Standard Team,xml-only-soap-webservice_1.4.0-SNAPSHOT,PatientService,3,null,null
Story,MULE2CAM-11-mule-component-bindings-TwitterFlow,TwitterFlow,Migrate TwitterFlow from mule-component-bindings,null,MULE2CAM-EPIC-mule-component-bindings,11,Standard Team,mule-component-bindings,TwitterFlow,2,null,null
Story,MULE2CAM-12-service-orchestration-and-choice-routing_1.4.0-SNAPSHOT-auditService,auditService,Migrate auditService from service-orchestration-and-choice-routing_1.4.0-SNAPSHOT,null,MULE2CAM-EPIC-service-orchestration-and-choice-routing_1.4.0-SNAPSHOT,12,Expert Team,service-orchestration-and-choice-routing_1.4.0-SNAPSHOT,auditService,13,null,null
Story,MULE2CAM-12-testing-apikit-with-munit_1.4.0-SNAPSHOT-delete:/munit:api-config,delete:/munit:api-config,Migrate delete:/munit:api-config from testing-apikit-with-munit_1.4.0-SNAPSHOT,null,MULE2CAM-EPIC-testing-apikit-with-munit_1.4.0-SNAPSHOT,12,Expert Team,testing-apikit-with-munit_1.4.0-SNAPSHOT,delete:/munit:api-config,8,null,null
Story,MULE2CAM-12-salesforce-data-synchronization-using-watermarking-and-batch-processing_1.4.0-SNAPSHOT-triggerFlow,triggerFlow,Migrate triggerFlow from salesforce-data-synchronization-using-watermarking-and-batch-processing_1.4.0-SNAPSHOT,null,MULE2CAM-EPIC-salesforce-data-synchronization-using-watermarking-and-batch-processing_1.4.0-SNAPSHOT,12,Expert Team,salesforce-data-synchronization-using-watermarking-and-batch-processing_1.4.0-SNAPSHOT,triggerFlow,3,null,null
Story,MULE2CAM-12-rest-api-with-apikit_1.4.0-SNAPSHOT-get:/fixture:leagues-config,get:/fixture:leagues-config,Migrate get:/fixture:leagues-config from rest-api-with-apikit_1.4.0-SNAPSHOT,null,MULE2CAM-EPIC-rest-api-with-apikit_1.4.0-SNAPSHOT,12,Senior Team,rest-api-with-apikit_1.4.0-SNAPSHOT,get:/fixture:leagues-config,8,null,null
Story,MULE2CAM-12-soap-webservice-security_1.4.0-SNAPSHOT-SamlTokenServiceFlow,SamlTokenServiceFlow,Migrate SamlTokenServiceFlow from soap-webservice-security_1.4.0-SNAPSHOT,null,MULE2CAM-EPIC-soap-webservice-security_1.4.0-SNAPSHOT,12,Standard Team,soap-webservice-security_1.4.0-SNAPSHOT,SamlTokenServiceFlow,5,null,null
Story,MULE2CAM-12-implementing-a-choice-exception-strategy_1.4.0-SNAPSHOT-choice-error-handlingFlow1,choice-error-handlingFlow1,Migrate choice-error-handlingFlow1 from implementing-a-choice-exception-strategy_1.4.0-SNAPSHOT,null,MULE2CAM-EPIC-implementing-a-choice-exception-strategy_1.4.0-SNAPSHOT,12,Standard Team,implementing-a-choice-exception-strategy_1.4.0-SNAPSHOT,choice-error-handlingFlow1,3,null,null
Story,MULE2CAM-12-oauth2-authorization-code-using-the-HTTP-connector_1.4.0-SNAPSHOT-userLoginDoneFlow,userLoginDoneFlow,Migrate userLoginDoneFlow from oauth2-authorization-code-using-the-HTTP-connector_1.4.0-SNAPSHOT,null,MULE2CAM-EPIC-oauth2-authorization-code-using-the-HTTP-connector_1.4.0-SNAPSHOT,12,Standard Team,oauth2-authorization-code-using-the-HTTP-connector_1.4.0-SNAPSHOT,userLoginDoneFlow,3,null,null
Story,MULE2CAM-12-xml-only-soap-webservice_1.4.0-SNAPSHOT-EHRService,EHRService,Migrate EHRService from xml-only-soap-webservice_1.4.0-SNAPSHOT,null,MULE2CAM-EPIC-xml-only-soap-webservice_1.4.0-SNAPSHOT,12,Standard Team,xml-only-soap-webservice_1.4.0-SNAPSHOT,EHRService,3,null,null
Story,MULE2CAM-12-mule-expression-language-basics_1.4.0-SNAPSHOT-greetingFlow1,greetingFlow1,Migrate greetingFlow1 from mule-expression-language-basics_1.4.0-SNAPSHOT,null,MULE2CAM-EPIC-mule-expression-language-basics_1.4.0-SNAPSHOT,12,Standard Team,mule-expression-language-basics_1.4.0-SNAPSHOT,greetingFlow1,2,null,null
null,SPRINT-1,Sprint 1,Sprint 1,null,null,1,null,null,null,null,12,77
null,SPRINT-2,Sprint 2,Sprint 2,null,null,2,null,null,null,null,12,71
null,SPRINT-3,Sprint 3,Sprint 3,null,null,3,null,null,null,null,11,60
null,SPRINT-4,Sprint 4,Sprint 4,null,null,4,null,null,null,null,11,57
null,SPRINT-5,Sprint 5,Sprint 5,null,null,5,null,null,null,null,11,57
null,SPRINT-6,Sprint 6,Sprint 6,null,null,6,null,null,null,null,11,53
null,SPRINT-7,Sprint 7,Sprint 7,null,null,7,null,null,null,null,11,52
null,SPRINT-8,Sprint 8,Sprint 8,null,null,8,null,null,null,null,10,49
null,SPRINT-9,Sprint 9,Sprint 9,null,null,9,null,null,null,null,9,48
null,SPRINT-10,Sprint 10,Sprint 10,null,null,10,null,null,null,null,9,48
null,SPRINT-11,Sprint 11,Sprint 11,null,null,11,null,null,null,null,9,48
null,SPRINT-12,Sprint 12,Sprint 12,null,null,12,null,null,null,null,9,48